parent_ticker,parent_cik10,parent_name,incorp_country_iso3,incorp_state_or_region,legal_form,latest_20f_year,latest_20f_accession,sources_used,lineage
AACG,0001420529,ATA Creativity Global,CYM,Cayman Islands,,2025.0,000141057825000679.html,DEI|CIK|20-F,"{""dei_path"": ""data\\intermediate\\dei_facts_20251120.csv"", ""cik_path"": ""data\\intermediate\\cik_map_20251120.csv"", ""companies_path"": ""companies\\AACG""}"
AAM,0002012964,AA Mission Acquisition Corp.,CYM,Cayman Islands,,,,submissions|DEI|CIK,"{""submissions_path"": ""data\\raw\\EDGAR\\AAM\\submissions.json"", ""dei_path"": ""data\\intermediate\\dei_facts_20251120.csv"", ""cik_path"": ""data\\intermediate\\cik_map_20251120.csv""}"
AAPG,0002023311,ASCENTAGE PHARMA GROUP INTERNATIONAL,CYM,Cayman Islands,,2025.0,000121390025032599.html,DEI|CIK|20-F,"{""dei_path"": ""data\\intermediate\\dei_facts_20251120.csv"", ""cik_path"": ""data\\intermediate\\cik_map_20251120.csv"", ""companies_path"": ""companies\\AAPG""}"
ABLV,0001957489,Able View Global Inc.,CYM,Cayman Islands,Corporation,2025.0,000121390025034677.html,DEI|CIK|20-F,"{""dei_path"": ""data\\intermediate\\dei_facts_20251120.csv"", ""cik_path"": ""data\\intermediate\\cik_map_20251120.csv"", ""companies_path"": ""companies\\ABLV""}"
ACMR,0001680062,"ACM Research, Inc.",USA,CA,,,,submissions|DEI|CIK,"{""submissions_path"": ""data\\raw\\EDGAR\\ACMR\\submissions.json"", ""dei_path"": ""data\\intermediate\\dei_facts_20251120.csv"", ""cik_path"": ""data\\intermediate\\cik_map_20251120.csv""}"
ADAG,0001818838,Adagene Inc.,CYM,Cayman Islands,Corporation,2025.0,000141057825000419.html,DEI|CIK|20-F,"{""dei_path"": ""data\\intermediate\\dei_facts_20251120.csv"", ""cik_path"": ""data\\intermediate\\cik_map_20251120.csv"", ""companies_path"": ""companies\\ADAG""}"
AEHL,0001470683,Antelope Enterprise Holdings Limited,VGB,British Virgin Islands,Limited,2025.0,000164117225008020.html,DEI|CIK|20-F,"{""dei_path"": ""data\\intermediate\\dei_facts_20251120.csv"", ""cik_path"": ""data\\intermediate\\cik_map_20251120.csv"", ""companies_path"": ""companies\\AEHL""}"
AGMH,0001705402,AGM Group Holdings Inc.,VGB,British Virgin Islands,Corporation,2025.0,000121390025042324.html,DEI|CIK|20-F,"{""dei_path"": ""data\\intermediate\\dei_facts_20251120.csv"", ""cik_path"": ""data\\intermediate\\cik_map_20251120.csv"", ""companies_path"": ""companies\\AGMH""}"
AHG,0001702318,Akso Health Group,CYM,Cayman Islands,,2025.0,000121390025076862.html,DEI|CIK|20-F,"{""dei_path"": ""data\\intermediate\\dei_facts_20251120.csv"", ""cik_path"": ""data\\intermediate\\cik_map_20251120.csv"", ""companies_path"": ""companies\\AHG""}"
AIFU,0001413855,AIFU Inc.,CYM,Cayman Islands,Corporation,2025.0,000121390025035604.html,DEI|CIK|20-F,"{""dei_path"": ""data\\intermediate\\dei_facts_20251120.csv"", ""cik_path"": ""data\\intermediate\\cik_map_20251120.csv"", ""companies_path"": ""companies\\AIFU""}"
AIHS,0001711012,Senmiao Technology Ltd,USA,NV,,,,submissions|DEI|CIK,"{""submissions_path"": ""data\\raw\\EDGAR\\AIHS\\submissions.json"", ""dei_path"": ""data\\intermediate\\dei_facts_20251120.csv"", ""cik_path"": ""data\\intermediate\\cik_map_20251120.csv""}"
AIXI,0001935172,XIAO-I CORPORATION,CYM,Cayman Islands,Corporation,2025.0,000121390025044439.html,DEI|CIK|20-F,"{""dei_path"": ""data\\intermediate\\dei_facts_20251120.csv"", ""cik_path"": ""data\\intermediate\\cik_map_20251120.csv"", ""companies_path"": ""companies\\AIXI""}"
ANL,0001944552,Adlai Nortye Ltd.,CYM,Cayman Islands,Limited,2025.0,000121390025037591.html,DEI|CIK|20-F,"{""dei_path"": ""data\\intermediate\\dei_facts_20251120.csv"", ""cik_path"": ""data\\intermediate\\cik_map_20251120.csv"", ""companies_path"": ""companies\\ANL""}"
ATAT,0001853717,Atour Lifestyle Holdings Limited,CYM,Cayman Islands,Limited,2025.0,000141057825000890.html,DEI|CIK|20-F,"{""dei_path"": ""data\\intermediate\\dei_facts_20251120.csv"", ""cik_path"": ""data\\intermediate\\cik_map_20251120.csv"", ""companies_path"": ""companies\\ATAT""}"
ATHM,0001527636,Autohome Inc.,CYM,Cayman Islands,Corporation,2025.0,000095017025053940.html,DEI|CIK|20-F,"{""dei_path"": ""data\\intermediate\\dei_facts_20251120.csv"", ""cik_path"": ""data\\intermediate\\cik_map_20251120.csv"", ""companies_path"": ""companies\\ATHM""}"
ATXG,0001650101,ADDENTAX GROUP CORP.,USA,NV,,,,submissions|DEI|CIK,"{""submissions_path"": ""data\\raw\\EDGAR\\ATXG\\submissions.json"", ""dei_path"": ""data\\intermediate\\dei_facts_20251120.csv"", ""cik_path"": ""data\\intermediate\\cik_map_20251120.csv""}"
AZI,0001959726,AUTOZI INTERNET TECHNOLOGY (GLOBAL) LTD.,CYM,Cayman Islands,Limited,2025.0,000149315225003767.html,DEI|CIK|20-F,"{""dei_path"": ""data\\intermediate\\dei_facts_20251120.csv"", ""cik_path"": ""data\\intermediate\\cik_map_20251120.csv"", ""companies_path"": ""companies\\AZI""}"
BABA,0001577552,Alibaba Group Holding Limited,CYM,Cayman Islands,Limited,2025.0,000095017025090161.html,DEI|CIK|20-F,"{""dei_path"": ""data\\intermediate\\dei_facts_20251120.csv"", ""cik_path"": ""data\\intermediate\\cik_map_20251120.csv"", ""companies_path"": ""companies\\BABA""}"
BAOS,0001811216,Baosheng Media Group Holdings Ltd,CYM,Cayman Islands,Limited,2025.0,000141057825000994.html,DEI|CIK|20-F,"{""dei_path"": ""data\\intermediate\\dei_facts_20251120.csv"", ""cik_path"": ""data\\intermediate\\cik_map_20251120.csv"", ""companies_path"": ""companies\\BAOS""}"
BEDU,0001696355,Bright Scholar Education Holdings Limited,CYM,Cayman Islands,Limited,2024.0,000121390024108859.html,DEI|CIK|20-F,"{""dei_path"": ""data\\intermediate\\dei_facts_20251120.csv"", ""cik_path"": ""data\\intermediate\\cik_map_20251120.csv"", ""companies_path"": ""companies\\BEDU""}"
BEKE,0001809587,KE Holdings Inc.,CYM,Cayman Islands,Corporation,2025.0,000141057825000783.html,DEI|CIK|20-F,"{""dei_path"": ""data\\intermediate\\dei_facts_20251120.csv"", ""cik_path"": ""data\\intermediate\\cik_map_20251120.csv"", ""companies_path"": ""companies\\BEKE""}"
BGM,0001779578,BGM Group Ltd,CYM,Cayman Islands,Limited,2025.0,000141057825000056.html,DEI|CIK|20-F,"{""dei_path"": ""data\\intermediate\\dei_facts_20251120.csv"", ""cik_path"": ""data\\intermediate\\cik_map_20251120.csv"", ""companies_path"": ""companies\\BGM""}"
BHAT,0001759136,Blue Hat Interactive Entertainment Technology,CYM,Cayman Islands,,2025.0,000173112225000634.html,DEI|CIK|20-F,"{""dei_path"": ""data\\intermediate\\dei_facts_20251120.csv"", ""cik_path"": ""data\\intermediate\\cik_map_20251120.csv"", ""companies_path"": ""companies\\BHAT""}"
BIDU,0001329099,"Baidu, Inc.",CYM,Cayman Islands,Corporation,2025.0,000119312525066199.html,DEI|CIK|20-F,"{""dei_path"": ""data\\intermediate\\dei_facts_20251120.csv"", ""cik_path"": ""data\\intermediate\\cik_map_20251120.csv"", ""companies_path"": ""companies\\BIDU""}"
BILI,0001723690,Bilibili Inc.,CYM,Cayman Islands,Corporation,2025.0,000119312525061847.html,DEI|CIK|20-F,"{""dei_path"": ""data\\intermediate\\dei_facts_20251120.csv"", ""cik_path"": ""data\\intermediate\\cik_map_20251120.csv"", ""companies_path"": ""companies\\BILI""}"
BNR,0001792267,Burning Rock Biotech Limited,CYM,Cayman Islands,Limited,2025.0,000119312525101753.html,DEI|CIK|20-F,"{""dei_path"": ""data\\intermediate\\dei_facts_20251120.csv"", ""cik_path"": ""data\\intermediate\\cik_map_20251120.csv"", ""companies_path"": ""companies\\BNR""}"
BON,0001816815,BON NATURAL LIFE LIMITED,CYM,Cayman Islands,Limited,2025.0,000149315225003851.html,DEI|CIK|20-F,"{""dei_path"": ""data\\intermediate\\dei_facts_20251120.csv"", ""cik_path"": ""data\\intermediate\\cik_map_20251120.csv"", ""companies_path"": ""companies\\BON""}"
BQ,0001815021,BOQII HOLDING LIMITED,CYM,Cayman Islands,Limited,2025.0,000121390025065802.html,DEI|CIK|20-F,"{""dei_path"": ""data\\intermediate\\dei_facts_20251120.csv"", ""cik_path"": ""data\\intermediate\\cik_map_20251120.csv"", ""companies_path"": ""companies\\BQ""}"
BTCM,0001517496,BIT Mining Limited,CYM,Cayman Islands,Limited,2025.0,000141057825000990.html,DEI|CIK|20-F,"{""dei_path"": ""data\\intermediate\\dei_facts_20251120.csv"", ""cik_path"": ""data\\intermediate\\cik_map_20251120.csv"", ""companies_path"": ""companies\\BTCM""}"
BTCT,0001796514,BTC Digital Ltd.,CYM,Cayman Islands,Limited,2025.0,000121390025037719.html,DEI|CIK|20-F,"{""dei_path"": ""data\\intermediate\\dei_facts_20251120.csv"", ""cik_path"": ""data\\intermediate\\cik_map_20251120.csv"", ""companies_path"": ""companies\\BTCT""}"
BZ,0001842827,KANZHUN LIMITED,CYM,Cayman Islands,Limited,2025.0,000141057825000682.html,DEI|CIK|20-F,"{""dei_path"": ""data\\intermediate\\dei_facts_20251120.csv"", ""cik_path"": ""data\\intermediate\\cik_map_20251120.csv"", ""companies_path"": ""companies\\BZ""}"
BZUN,0001625414,Baozun Inc.,CYM,Cayman Islands,Corporation,2025.0,000141057825000824.html,DEI|CIK|20-F,"{""dei_path"": ""data\\intermediate\\dei_facts_20251120.csv"", ""cik_path"": ""data\\intermediate\\cik_map_20251120.csv"", ""companies_path"": ""companies\\BZUN""}"
CAAS,0002037400,"China Automotive Systems, Inc.",CYM,Cayman Islands,,,,submissions|DEI|CIK,"{""submissions_path"": ""data\\raw\\EDGAR\\CAAS\\submissions.json"", ""dei_path"": ""data\\intermediate\\dei_facts_20251120.csv"", ""cik_path"": ""data\\intermediate\\cik_map_20251120.csv""}"
CAN,0001780652,Canaan Inc.,CYM,Cayman Islands,Corporation,2025.0,000141057825000805.html,DEI|CIK|20-F,"{""dei_path"": ""data\\intermediate\\dei_facts_20251120.csv"", ""cik_path"": ""data\\intermediate\\cik_map_20251120.csv"", ""companies_path"": ""companies\\CAN""}"
CANG,0001725123,Cango Inc.,HKG,Hong Kong,Corporation,2025.0,000141057825000492.html,DEI|CIK|20-F,"{""dei_path"": ""data\\intermediate\\dei_facts_20251120.csv"", ""cik_path"": ""data\\intermediate\\cik_map_20251120.csv"", ""companies_path"": ""companies\\CANG""}"
CASI,0001962738,"CASI PHARMACEUTICALS, INC.",CYM,Cayman Islands,Corporation,2025.0,000155837025004086.html,DEI|CIK|20-F,"{""dei_path"": ""data\\intermediate\\dei_facts_20251120.csv"", ""cik_path"": ""data\\intermediate\\cik_map_20251120.csv"", ""companies_path"": ""companies\\CASI""}"
CBAT,0001117171,"CBAK Energy Technology, Inc.",USA,NV,,,,submissions|DEI|CIK,"{""submissions_path"": ""data\\raw\\EDGAR\\CBAT\\submissions.json"", ""dei_path"": ""data\\intermediate\\dei_facts_20251120.csv"", ""cik_path"": ""data\\intermediate\\cik_map_20251120.csv""}"
CCG,0001965473,Cheche Group Inc.,CYM,Cayman Islands,Corporation,2025.0,000164117225005406.html,DEI|CIK|20-F,"{""dei_path"": ""data\\intermediate\\dei_facts_20251120.csv"", ""cik_path"": ""data\\intermediate\\cik_map_20251120.csv"", ""companies_path"": ""companies\\CCG""}"
CCM,0001472072,Concord Medical Services Holdings Ltd,CYM,Cayman Islands,Limited,2025.0,000141057825000907.html,DEI|CIK|20-F,"{""dei_path"": ""data\\intermediate\\dei_facts_20251120.csv"", ""cik_path"": ""data\\intermediate\\cik_map_20251120.csv"", ""companies_path"": ""companies\\CCM""}"
CDTG,0001793895,CDT Environmental Technology Investment Holdings Limited,CYM,Cayman Islands,Limited,2025.0,000173112225000746.html,DEI|CIK|20-F,"{""dei_path"": ""data\\intermediate\\dei_facts_20251120.csv"", ""cik_path"": ""data\\intermediate\\cik_map_20251120.csv"", ""companies_path"": ""companies\\CDTG""}"
CHNR,0000793628,"CHINA NATURAL RESOURCES, INC.",VGB,"Virgin Islands, British",Corporation,2025.0,000107997325000827.html,DEI|CIK|submissions|20-F,"{""dei_path"": ""data\\intermediate\\dei_facts_20251120.csv"", ""cik_path"": ""data\\intermediate\\cik_map_20251120.csv"", ""submissions_path"": ""data\\raw\\EDGAR\\CHNR\\submissions.json"", ""companies_path"": ""companies\\CHNR""}"
CHR,0001738758,"CHEER HOLDING, INC.",CYM,Cayman Islands,Corporation,2025.0,000121390025021907.html,DEI|CIK|20-F,"{""dei_path"": ""data\\intermediate\\dei_facts_20251120.csv"", ""cik_path"": ""data\\intermediate\\cik_map_20251120.csv"", ""companies_path"": ""companies\\CHR""}"
CHSN,0001825349,Chanson International Holding,CYM,Cayman Islands,,2025.0,000121390025028989.html,DEI|CIK|20-F,"{""dei_path"": ""data\\intermediate\\dei_facts_20251120.csv"", ""cik_path"": ""data\\intermediate\\cik_map_20251120.csv"", ""companies_path"": ""companies\\CHSN""}"
CLPS,0001724542,CLPS Incorporation,CYM,Cayman Islands,Corporation,2024.0,000121390024088712.html,DEI|CIK|20-F,"{""dei_path"": ""data\\intermediate\\dei_facts_20251120.csv"", ""cik_path"": ""data\\intermediate\\cik_map_20251120.csv"", ""companies_path"": ""companies\\CLPS""}"
CMCM,0001597835,Cheetah Mobile Inc.,CYM,Cayman Islands,Corporation,2025.0,000095017025053935.html,DEI|CIK|20-F,"{""dei_path"": ""data\\intermediate\\dei_facts_20251120.csv"", ""cik_path"": ""data\\intermediate\\cik_map_20251120.csv"", ""companies_path"": ""companies\\CMCM""}"
CNET,0001376321,ZW Data Action Technologies Inc.,USA,NV,,,,submissions|DEI|CIK,"{""submissions_path"": ""data\\raw\\EDGAR\\CNET\\submissions.json"", ""dei_path"": ""data\\intermediate\\dei_facts_20251120.csv"", ""cik_path"": ""data\\intermediate\\cik_map_20251120.csv""}"
CNEY,0001780785,CN ENERGY GROUP. INC.,VGB,British Virgin Islands,Corporation,2025.0,000147793225001105.html,DEI|CIK|20-F,"{""dei_path"": ""data\\intermediate\\dei_facts_20251120.csv"", ""cik_path"": ""data\\intermediate\\cik_map_20251120.csv"", ""companies_path"": ""companies\\CNEY""}"
CNF,0001733868,CNFinance Holdings Limited,CYM,Cayman Islands,Limited,2025.0,000121390025037031.html,DEI|CIK|20-F,"{""dei_path"": ""data\\intermediate\\dei_facts_20251120.csv"", ""cik_path"": ""data\\intermediate\\cik_map_20251120.csv"", ""companies_path"": ""companies\\CNF""}"
COE,0001659494,51Talk Online Education Group,CYM,Cayman Islands,,2025.0,000141057825000918.html,DEI|CIK|20-F,"{""dei_path"": ""data\\intermediate\\dei_facts_20251120.csv"", ""cik_path"": ""data\\intermediate\\cik_map_20251120.csv"", ""companies_path"": ""companies\\COE""}"
CPHI,0001106644,"CHINA PHARMA HOLDINGS, INC.",USA,DE,,,,submissions|DEI|CIK,"{""submissions_path"": ""data\\raw\\EDGAR\\CPHI\\submissions.json"", ""dei_path"": ""data\\intermediate\\dei_facts_20251120.csv"", ""cik_path"": ""data\\intermediate\\cik_map_20251120.csv""}"
CPOP,0001807389,"Pop Culture Group Co., Ltd",CYM,Cayman Islands,Limited,2024.0,000121390024099099.html,DEI|CIK|20-F,"{""dei_path"": ""data\\intermediate\\dei_facts_20251120.csv"", ""cik_path"": ""data\\intermediate\\cik_map_20251120.csv"", ""companies_path"": ""companies\\CPOP""}"
CREG,0000721693,Smart Powerr Corp.,USA,NV,,,,submissions|DEI|CIK,"{""submissions_path"": ""data\\raw\\EDGAR\\CREG\\submissions.json"", ""dei_path"": ""data\\intermediate\\dei_facts_20251120.csv"", ""cik_path"": ""data\\intermediate\\cik_map_20251120.csv""}"
CSIQ,0001375877,CANADIAN SOLAR INC.,CAN,Ontario,Corporation,2025.0,000141057825001046.html,DEI|CIK|20-F,"{""dei_path"": ""data\\intermediate\\dei_facts_20251120.csv"", ""cik_path"": ""data\\intermediate\\cik_map_20251120.csv"", ""companies_path"": ""companies\\CSIQ""}"
DDC,0001808110,DDC Enterprise Limited,CYM,Cayman Islands,Limited,2025.0,000121390025043916.html,DEI|CIK|20-F,"{""dei_path"": ""data\\intermediate\\dei_facts_20251120.csv"", ""cik_path"": ""data\\intermediate\\cik_map_20251120.csv"", ""companies_path"": ""companies\\DDC""}"
DDL,0001854545,Dingdong (Cayman) Limited,HKG,Hong Kong,Limited,2025.0,000095017025055994.html,DEI|CIK|20-F,"{""dei_path"": ""data\\intermediate\\dei_facts_20251120.csv"", ""cik_path"": ""data\\intermediate\\cik_map_20251120.csv"", ""companies_path"": ""companies\\DDL""}"
DOGZ,0001707303,Dogness (International) Corporation,VGB,British Virgin Islands,Corporation,2024.0,000149315224041355.html,DEI|CIK|20-F,"{""dei_path"": ""data\\intermediate\\dei_facts_20251120.csv"", ""cik_path"": ""data\\intermediate\\cik_map_20251120.csv"", ""companies_path"": ""companies\\DOGZ""}"
DQ,0001477641,DAQO NEW ENERGY CORP.,CYM,Cayman Islands,Corporation,2025.0,000141057825000968.html,DEI|CIK|20-F,"{""dei_path"": ""data\\intermediate\\dei_facts_20251120.csv"", ""cik_path"": ""data\\intermediate\\cik_map_20251120.csv"", ""companies_path"": ""companies\\DQ""}"
DSWL,0000946936,"DESWELL INDUSTRIES, INC.",VGB,British Virgin Islands,Corporation,2025.0,000117494725001096.html,DEI|CIK|20-F,"{""dei_path"": ""data\\intermediate\\dei_facts_20251120.csv"", ""cik_path"": ""data\\intermediate\\cik_map_20251120.csv"", ""companies_path"": ""companies\\DSWL""}"
DTSS,0001631282,DATASEA INC.,USA,NV,,,,submissions|DEI|CIK,"{""submissions_path"": ""data\\raw\\EDGAR\\DTSS\\submissions.json"", ""dei_path"": ""data\\intermediate\\dei_facts_20251120.csv"", ""cik_path"": ""data\\intermediate\\cik_map_20251120.csv""}"
DUO,0001750593,Fangdd Network Group Ltd.,CYM,Cayman Islands,Limited,2025.0,000121390025034322.html,DEI|CIK|20-F,"{""dei_path"": ""data\\intermediate\\dei_facts_20251120.csv"", ""cik_path"": ""data\\intermediate\\cik_map_20251120.csv"", ""companies_path"": ""companies\\DUO""}"
DXST,0001958133,Decent Holding Inc.,CYM,Cayman Islands,Corporation,2025.0,000121390025021825.html,DEI|CIK|20-F,"{""dei_path"": ""data\\intermediate\\dei_facts_20251120.csv"", ""cik_path"": ""data\\intermediate\\cik_map_20251120.csv"", ""companies_path"": ""companies\\DXST""}"
EBON,0001799290,EBANG INTERNATIONAL HOLDINGS INC.,CYM,Cayman Islands,Corporation,2025.0,000121390025036063.html,DEI|CIK|20-F,"{""dei_path"": ""data\\intermediate\\dei_facts_20251120.csv"", ""cik_path"": ""data\\intermediate\\cik_map_20251120.csv"", ""companies_path"": ""companies\\EBON""}"
EDTK,0001782309,Skillful Craftsman Education Technology Limited,CYM,Cayman Islands,Limited,2025.0,000164117225022783.html,DEI|CIK|20-F,"{""dei_path"": ""data\\intermediate\\dei_facts_20251120.csv"", ""cik_path"": ""data\\intermediate\\cik_map_20251120.csv"", ""companies_path"": ""companies\\EDTK""}"
EDU,0001372920,NEW ORIENTAL EDUCATION & TECHNOLOGY GROUP INC.,CYM,Cayman Islands,Corporation,2025.0,000119312525216394.html,DEI|CIK|20-F,"{""dei_path"": ""data\\intermediate\\dei_facts_20251120.csv"", ""cik_path"": ""data\\intermediate\\cik_map_20251120.csv"", ""companies_path"": ""companies\\EDU""}"
EH,0001759783,EHang Holdings Limited,HKG,Hong Kong,Limited,2025.0,000119312525080649.html,DEI|CIK|20-F,"{""dei_path"": ""data\\intermediate\\dei_facts_20251120.csv"", ""cik_path"": ""data\\intermediate\\cik_map_20251120.csv"", ""companies_path"": ""companies\\EH""}"
EHGO,0001879754,Eshallgo Inc,CYM,Cayman Islands,Corporation,2025.0,000141057825001818.html,DEI|CIK|20-F,"{""dei_path"": ""data\\intermediate\\dei_facts_20251120.csv"", ""cik_path"": ""data\\intermediate\\cik_map_20251120.csv"", ""companies_path"": ""companies\\EHGO""}"
EJH,0001769768,E-Home Household Service Holdings Limited,CYM,Cayman Islands,Limited,2024.0,000121390024091756.html,DEI|CIK|20-F,"{""dei_path"": ""data\\intermediate\\dei_facts_20251120.csv"", ""cik_path"": ""data\\intermediate\\cik_map_20251120.csv"", ""companies_path"": ""companies\\EJH""}"
EM,0001834253,Smart Share Global Ltd,CYM,Cayman Islands,Limited,2025.0,000141057825000928.html,DEI|CIK|20-F,"{""dei_path"": ""data\\intermediate\\dei_facts_20251120.csv"", ""cik_path"": ""data\\intermediate\\cik_map_20251120.csv"", ""companies_path"": ""companies\\EM""}"
ENFY,0000857949,Enlightify Inc.,USA,NV,,,,submissions|DEI|CIK,"{""submissions_path"": ""data\\raw\\EDGAR\\ENFY\\submissions.json"", ""dei_path"": ""data\\intermediate\\dei_facts_20251120.csv"", ""cik_path"": ""data\\intermediate\\cik_map_20251120.csv""}"
EPOW,0001780731,"Sunrise New Energy Co., Ltd.",CYM,Cayman Islands,Limited,2025.0,000121390025044226.html,DEI|CIK|20-F,"{""dei_path"": ""data\\intermediate\\dei_facts_20251120.csv"", ""cik_path"": ""data\\intermediate\\cik_map_20251120.csv"", ""companies_path"": ""companies\\EPOW""}"
EPWK,0001900720,EPWK Holdings Ltd.,USA,VA,,,,submissions|DEI|CIK,"{""submissions_path"": ""data\\raw\\EDGAR\\EPWK\\submissions.json"", ""dei_path"": ""data\\intermediate\\dei_facts_20251120.csv"", ""cik_path"": ""data\\intermediate\\cik_map_20251120.csv""}"
EZGO,0001806904,EZGO Technologies Ltd.,VGB,British Virgin Islands,Limited,2025.0,000121390025004698.html,DEI|CIK|20-F,"{""dei_path"": ""data\\intermediate\\dei_facts_20251120.csv"", ""cik_path"": ""data\\intermediate\\cik_map_20251120.csv"", ""companies_path"": ""companies\\EZGO""}"
FEBO,0001957001,FENBO HOLDINGS LIMITED,CYM,Cayman Islands,Limited,2025.0,000164117225010075.html,DEI|CIK|20-F,"{""dei_path"": ""data\\intermediate\\dei_facts_20251120.csv"", ""cik_path"": ""data\\intermediate\\cik_map_20251120.csv"", ""companies_path"": ""companies\\FEBO""}"
FEDU,0001709819,Four Seasons Education (Cayman) Inc.,CYM,Cayman Islands,Corporation,2025.0,000095017025090163.html,DEI|CIK|20-F,"{""dei_path"": ""data\\intermediate\\dei_facts_20251120.csv"", ""cik_path"": ""data\\intermediate\\cik_map_20251120.csv"", ""companies_path"": ""companies\\FEDU""}"
FENG,0001509646,Phoenix New Media Limited,HKG,Hong Kong,Limited,2025.0,000095017025055759.html,DEI|CIK|20-F,"{""dei_path"": ""data\\intermediate\\dei_facts_20251120.csv"", ""cik_path"": ""data\\intermediate\\cik_map_20251120.csv"", ""companies_path"": ""companies\\FENG""}"
FINV,0001691445,FinVolution Group,CYM,Cayman Islands,,2025.0,000164117225005409.html,DEI|CIK|20-F,"{""dei_path"": ""data\\intermediate\\dei_facts_20251120.csv"", ""cik_path"": ""data\\intermediate\\cik_map_20251120.csv"", ""companies_path"": ""companies\\FINV""}"
FLX,0001858724,BingEx Limited,CYM,Cayman Islands,Limited,2025.0,000164117225006073.html,DEI|CIK|20-F,"{""dei_path"": ""data\\intermediate\\dei_facts_20251120.csv"", ""cik_path"": ""data\\intermediate\\cik_map_20251120.csv"", ""companies_path"": ""companies\\FLX""}"
FNGR,0001602409,"FingerMotion, Inc.",USA,DE,,,,submissions|DEI|CIK,"{""submissions_path"": ""data\\raw\\EDGAR\\FNGR\\submissions.json"", ""dei_path"": ""data\\intermediate\\dei_facts_20251120.csv"", ""cik_path"": ""data\\intermediate\\cik_map_20251120.csv""}"
FTFT,0001066923,Future FinTech Group Inc.,USA,FL,,,,submissions|DEI|CIK,"{""submissions_path"": ""data\\raw\\EDGAR\\FTFT\\submissions.json"", ""dei_path"": ""data\\intermediate\\dei_facts_20251120.csv"", ""cik_path"": ""data\\intermediate\\cik_map_20251120.csv""}"
FVNNU,0002010653,Future Vision II Acquisition Corp.,CYM,Cayman Islands,,,,submissions|DEI|CIK,"{""submissions_path"": ""data\\raw\\EDGAR\\FVNNU\\submissions.json"", ""dei_path"": ""data\\intermediate\\dei_facts_20251120.csv"", ""cik_path"": ""data\\intermediate\\cik_map_20251120.csv""}"
GCT,0001857816,GIGACLOUD TECHNOLOGY INC,CYM,Cayman Islands,Corporation,2023.0,000119312523112830.html,DEI|CIK|20-F,"{""dei_path"": ""data\\intermediate\\dei_facts_20251120.csv"", ""cik_path"": ""data\\intermediate\\cik_map_20251120.csv"", ""companies_path"": ""companies\\GCT""}"
GDC,0001641398,GD Culture Group Ltd,USA,NV,,,,submissions|DEI|CIK,"{""submissions_path"": ""data\\raw\\EDGAR\\GDC\\submissions.json"", ""dei_path"": ""data\\intermediate\\dei_facts_20251120.csv"", ""cik_path"": ""data\\intermediate\\cik_map_20251120.csv""}"
GDHG,0001928340,Golden Heaven Group Holdings Ltd.,CYM,Cayman Islands,Limited,2025.0,000121390025006978.html,DEI|CIK|20-F,"{""dei_path"": ""data\\intermediate\\dei_facts_20251120.csv"", ""cik_path"": ""data\\intermediate\\cik_map_20251120.csv"", ""companies_path"": ""companies\\GDHG""}"
GDS,0001526125,GDS Holdings Limited,CYM,Cayman Islands,Limited,2025.0,000141057825000935.html,DEI|CIK|20-F,"{""dei_path"": ""data\\intermediate\\dei_facts_20251120.csv"", ""cik_path"": ""data\\intermediate\\cik_map_20251120.csv"", ""companies_path"": ""companies\\GDS""}"
GHG,0001724755,GreenTree Hospitality Group Ltd.,CYM,Cayman Islands,Limited,2025.0,000121390025037718.html,DEI|CIK|20-F,"{""dei_path"": ""data\\intermediate\\dei_facts_20251120.csv"", ""cik_path"": ""data\\intermediate\\cik_map_20251120.csv"", ""companies_path"": ""companies\\GHG""}"
GMM,0001913749,GLOBAL MOFY AI LIMITED,CYM,Cayman Islands,Limited,2025.0,000121390025000430.html,DEI|CIK|20-F,"{""dei_path"": ""data\\intermediate\\dei_facts_20251120.csv"", ""cik_path"": ""data\\intermediate\\cik_map_20251120.csv"", ""companies_path"": ""companies\\GMM""}"
GOTU,0001768259,Gaotu Techedu Inc.,CYM,Cayman Islands,Corporation,2025.0,000095017025056468.html,DEI|CIK|20-F,"{""dei_path"": ""data\\intermediate\\dei_facts_20251120.csv"", ""cik_path"": ""data\\intermediate\\cik_map_20251120.csv"", ""companies_path"": ""companies\\GOTU""}"
GRNQ,0001597846,Greenpro Capital Corp.,USA,NV,,,,submissions|DEI|CIK,"{""submissions_path"": ""data\\raw\\EDGAR\\GRNQ\\submissions.json"", ""dei_path"": ""data\\intermediate\\dei_facts_20251120.csv"", ""cik_path"": ""data\\intermediate\\cik_map_20251120.csv""}"
GTEC,0001735041,Greenland Technologies Holding Corp.,VGB,"Virgin Islands, British",,,,submissions|DEI|CIK,"{""submissions_path"": ""data\\raw\\EDGAR\\GTEC\\submissions.json"", ""dei_path"": ""data\\intermediate\\dei_facts_20251120.csv"", ""cik_path"": ""data\\intermediate\\cik_map_20251120.csv""}"
GURE,0000885462,"GULF RESOURCES, INC.",USA,NV,,,,submissions|DEI|CIK,"{""submissions_path"": ""data\\raw\\EDGAR\\GURE\\submissions.json"", ""dei_path"": ""data\\intermediate\\dei_facts_20251120.csv"", ""cik_path"": ""data\\intermediate\\cik_map_20251120.csv""}"
HAO,0001954594,Haoxi Health Technology Limited,CYM,Cayman Islands,Limited,2024.0,000121390024091443.html,DEI|CIK|20-F,"{""dei_path"": ""data\\intermediate\\dei_facts_20251120.csv"", ""cik_path"": ""data\\intermediate\\cik_map_20251120.csv"", ""companies_path"": ""companies\\HAO""}"
HCAI,0001958399,"Huachen AI Parking Management Technology Holding Co., Ltd",CYM,Cayman Islands,Limited,2025.0,000121390025044209.html,DEI|CIK|20-F,"{""dei_path"": ""data\\intermediate\\dei_facts_20251120.csv"", ""cik_path"": ""data\\intermediate\\cik_map_20251120.csv"", ""companies_path"": ""companies\\HCAI""}"
HCM,0001648257,HutchMED (China) LIMITED,CYM,Cayman Islands,Limited,2025.0,000141057825000377.html,DEI|CIK|20-F,"{""dei_path"": ""data\\intermediate\\dei_facts_20251120.csv"", ""cik_path"": ""data\\intermediate\\cik_map_20251120.csv"", ""companies_path"": ""companies\\HCM""}"
HIHO,0001026785,HIGHWAY HOLDINGS LIMITED,VGB,British Virgin Islands,Limited,2025.0,000121390025059629.html,DEI|CIK|20-F,"{""dei_path"": ""data\\intermediate\\dei_facts_20251120.csv"", ""cik_path"": ""data\\intermediate\\cik_map_20251120.csv"", ""companies_path"": ""companies\\HIHO""}"
HKIT,0001742341,HITEK GLOBAL INC.,CYM,Cayman Islands,Corporation,2025.0,000121390025035602.html,DEI|CIK|20-F,"{""dei_path"": ""data\\intermediate\\dei_facts_20251120.csv"", ""cik_path"": ""data\\intermediate\\cik_map_20251120.csv"", ""companies_path"": ""companies\\HKIT""}"
HSAI,0001861737,Hesai Group,CYM,Cayman Islands,,2025.0,000141057825000614.html,DEI|CIK|20-F,"{""dei_path"": ""data\\intermediate\\dei_facts_20251120.csv"", ""cik_path"": ""data\\intermediate\\cik_map_20251120.csv"", ""companies_path"": ""companies\\HSAI""}"
HTHT,0001483994,H World Group Ltd,CYM,Cayman Islands,Limited,2025.0,000141057825000900.html,DEI|CIK|submissions|20-F,"{""dei_path"": ""data\\intermediate\\dei_facts_20251120.csv"", ""cik_path"": ""data\\intermediate\\cik_map_20251120.csv"", ""submissions_path"": ""data\\raw\\EDGAR\\HTHT\\submissions.json"", ""companies_path"": ""companies\\HTHT""}"
HUDI,0001791725,"Huadi International Group Co., Ltd.",CYM,Cayman Islands,Limited,2025.0,000121390025008430.html,DEI|CIK|20-F,"{""dei_path"": ""data\\intermediate\\dei_facts_20251120.csv"", ""cik_path"": ""data\\intermediate\\cik_map_20251120.csv"", ""companies_path"": ""companies\\HUDI""}"
HUHU,0001945415,HUHUTECH International Group Inc.,CYM,Cayman Islands,Corporation,2025.0,000121390025036389.html,DEI|CIK|20-F,"{""dei_path"": ""data\\intermediate\\dei_facts_20251120.csv"", ""cik_path"": ""data\\intermediate\\cik_map_20251120.csv"", ""companies_path"": ""companies\\HUHU""}"
HUIZ,0001778982,Huize Holding Limited,CYM,Cayman Islands,Limited,2025.0,000119312525091356.html,DEI|CIK|20-F,"{""dei_path"": ""data\\intermediate\\dei_facts_20251120.csv"", ""cik_path"": ""data\\intermediate\\cik_map_20251120.csv"", ""companies_path"": ""companies\\HUIZ""}"
HUYA,0001728190,HUYA Inc.,CYM,Cayman Islands,Corporation,2025.0,000141057825000781.html,DEI|CIK|20-F,"{""dei_path"": ""data\\intermediate\\dei_facts_20251120.csv"", ""cik_path"": ""data\\intermediate\\cik_map_20251120.csv"", ""companies_path"": ""companies\\HUYA""}"
ICG,0001895597,Intchains Group Limited,CYM,Cayman Islands,Limited,2025.0,000119312525105589.html,DEI|CIK|20-F,"{""dei_path"": ""data\\intermediate\\dei_facts_20251120.csv"", ""cik_path"": ""data\\intermediate\\cik_map_20251120.csv"", ""companies_path"": ""companies\\ICG""}"
IFBD,0001815566,"Infobird Co., Ltd",CYM,Cayman Islands,Limited,2025.0,000173112225000559.html,DEI|CIK|20-F,"{""dei_path"": ""data\\intermediate\\dei_facts_20251120.csv"", ""cik_path"": ""data\\intermediate\\cik_map_20251120.csv"", ""companies_path"": ""companies\\IFBD""}"
IH,0001814423,iHuman Inc.,CYM,Cayman Islands,Corporation,2025.0,000141057825000944.html,DEI|CIK|20-F,"{""dei_path"": ""data\\intermediate\\dei_facts_20251120.csv"", ""cik_path"": ""data\\intermediate\\cik_map_20251120.csv"", ""companies_path"": ""companies\\IH""}"
ILAG,0001814963,INTELLIGENT LIVING APPLICATION GROUP INC.,CYM,Cayman Islands,Corporation,2025.0,000164117225006445.html,DEI|CIK|20-F,"{""dei_path"": ""data\\intermediate\\dei_facts_20251120.csv"", ""cik_path"": ""data\\intermediate\\cik_map_20251120.csv"", ""companies_path"": ""companies\\ILAG""}"
INLF,0001991592,INLIF LIMITED,CYM,Cayman Islands,Limited,2025.0,000121390025036061.html,DEI|CIK|20-F,"{""dei_path"": ""data\\intermediate\\dei_facts_20251120.csv"", ""cik_path"": ""data\\intermediate\\cik_map_20251120.csv"", ""companies_path"": ""companies\\INLF""}"
IQ,0001722608,"iQIYI, Inc.",CYM,Cayman Islands,Corporation,2025.0,000095017025045691.html,DEI|CIK|20-F,"{""dei_path"": ""data\\intermediate\\dei_facts_20251120.csv"", ""cik_path"": ""data\\intermediate\\cik_map_20251120.csv"", ""companies_path"": ""companies\\IQ""}"
ITP,0001358190,"IT TECH PACKAGING, INC.",USA,NV,,,,submissions|DEI|CIK,"{""submissions_path"": ""data\\raw\\EDGAR\\ITP\\submissions.json"", ""dei_path"": ""data\\intermediate\\dei_facts_20251120.csv"", ""cik_path"": ""data\\intermediate\\cik_map_20251120.csv""}"
IZM,0001854572,ICZOOM GROUP INC.,CYM,Cayman Islands,Corporation,2024.0,000121390024090763.html,DEI|CIK|20-F,"{""dei_path"": ""data\\intermediate\\dei_facts_20251120.csv"", ""cik_path"": ""data\\intermediate\\cik_map_20251120.csv"", ""companies_path"": ""companies\\IZM""}"
JD,0001549802,"JD.com, Inc.",CYM,Cayman Islands,Corporation,2025.0,000119312525083473.html,DEI|CIK|20-F,"{""dei_path"": ""data\\intermediate\\dei_facts_20251120.csv"", ""cik_path"": ""data\\intermediate\\cik_map_20251120.csv"", ""companies_path"": ""companies\\JD""}"
JDZG,0001976908,JIADE LIMITED,CYM,Cayman Islands,Limited,2025.0,000141057825000919.html,DEI|CIK|20-F,"{""dei_path"": ""data\\intermediate\\dei_facts_20251120.csv"", ""cik_path"": ""data\\intermediate\\cik_map_20251120.csv"", ""companies_path"": ""companies\\JDZG""}"
JFIN,0001743102,Jiayin Group Inc.,CHN,People's Republic of China,Corporation,2025.0,000095017025058942.html,DEI|CIK|20-F,"{""dei_path"": ""data\\intermediate\\dei_facts_20251120.csv"", ""cik_path"": ""data\\intermediate\\cik_map_20251120.csv"", ""companies_path"": ""companies\\JFIN""}"
JFU,0001619544,9F Inc.,CYM,Cayman Islands,Corporation,2025.0,000121390025073649.html,DEI|CIK|20-F,"{""dei_path"": ""data\\intermediate\\dei_facts_20251120.csv"", ""cik_path"": ""data\\intermediate\\cik_map_20251120.csv"", ""companies_path"": ""companies\\JFU""}"
JG,0001737339,Aurora Mobile Limited,CYM,Cayman Islands,Limited,2025.0,000141057825000628.html,DEI|CIK|20-F,"{""dei_path"": ""data\\intermediate\\dei_facts_20251120.csv"", ""cik_path"": ""data\\intermediate\\cik_map_20251120.csv"", ""companies_path"": ""companies\\JG""}"
JKS,0001481513,"JinkoSolar Holding Co., Ltd.",CYM,Cayman Islands,Limited,2025.0,000141057825000970.html,DEI|CIK|20-F,"{""dei_path"": ""data\\intermediate\\dei_facts_20251120.csv"", ""cik_path"": ""data\\intermediate\\cik_map_20251120.csv"", ""companies_path"": ""companies\\JKS""}"
JWEL,0001805594,Jowell Global Ltd.,CYM,Cayman Islands,Limited,2025.0,000121390025041556.html,DEI|CIK|20-F,"{""dei_path"": ""data\\intermediate\\dei_facts_20251120.csv"", ""cik_path"": ""data\\intermediate\\cik_map_20251120.csv"", ""companies_path"": ""companies\\JWEL""}"
JXG,0001546383,JX Luxventure group inc.,MHL,Marshall Islands,Corporation,2025.0,000121390025043744.html,DEI|CIK|20-F,"{""dei_path"": ""data\\intermediate\\dei_facts_20251120.csv"", ""cik_path"": ""data\\intermediate\\cik_map_20251120.csv"", ""companies_path"": ""companies\\JXG""}"
JYD,0001938186,Jayud Global Logistics Limited,CYM,Cayman Islands,Limited,2025.0,000121390025034179.html,DEI|CIK|20-F,"{""dei_path"": ""data\\intermediate\\dei_facts_20251120.csv"", ""cik_path"": ""data\\intermediate\\cik_map_20251120.csv"", ""companies_path"": ""companies\\JYD""}"
JZ,0001852440,Jianzhi Education Technology Group Company Limited,CYM,Cayman Islands,Limited,2025.0,000121390025037744.html,DEI|CIK|20-F,"{""dei_path"": ""data\\intermediate\\dei_facts_20251120.csv"", ""cik_path"": ""data\\intermediate\\cik_map_20251120.csv"", ""companies_path"": ""companies\\JZ""}"
JZXN,0001816172,Jiuzi Holdings Inc.,CYM,Cayman Islands,Corporation,2025.0,000121390025019083.html,DEI|CIK|20-F,"{""dei_path"": ""data\\intermediate\\dei_facts_20251120.csv"", ""cik_path"": ""data\\intermediate\\cik_map_20251120.csv"", ""companies_path"": ""companies\\JZXN""}"
KC,0001795589,Kingsoft Cloud Holdings Ltd,CYM,Cayman Islands,Limited,2025.0,000141057825000732.html,DEI|CIK|20-F,"{""dei_path"": ""data\\intermediate\\dei_facts_20251120.csv"", ""cik_path"": ""data\\intermediate\\cik_map_20251120.csv"", ""companies_path"": ""companies\\KC""}"
KNDI,0001720250,"Kandi Technologies Group, Inc.",VGB,British Virgin Islands,Corporation,2025.0,000121390025036190.html,DEI|CIK|20-F,"{""dei_path"": ""data\\intermediate\\dei_facts_20251120.csv"", ""cik_path"": ""data\\intermediate\\cik_map_20251120.csv"", ""companies_path"": ""companies\\KNDI""}"
KRKR,0001779476,36Kr Holdings Inc.,CYM,Cayman Islands,Corporation,2025.0,000141057825000775.html,DEI|CIK|20-F,"{""dei_path"": ""data\\intermediate\\dei_facts_20251120.csv"", ""cik_path"": ""data\\intermediate\\cik_map_20251120.csv"", ""companies_path"": ""companies\\KRKR""}"
KUKE,0001809158,Kuke Music Holding Limited,CYM,Cayman Islands,Limited,2025.0,000121390025044411.html,DEI|CIK|20-F,"{""dei_path"": ""data\\intermediate\\dei_facts_20251120.csv"", ""cik_path"": ""data\\intermediate\\cik_map_20251120.csv"", ""companies_path"": ""companies\\KUKE""}"
KXIN,0001713539,Kaixin Holdings,CYM,Cayman Islands,,2025.0,000141057825000574.html,DEI|CIK|20-F,"{""dei_path"": ""data\\intermediate\\dei_facts_20251120.csv"", ""cik_path"": ""data\\intermediate\\cik_map_20251120.csv"", ""companies_path"": ""companies\\KXIN""}"
LBGJ,0001896425,Li Bang International Corporation Inc.,CYM,Cayman Islands,Corporation,2024.0,000121390024095922.html,DEI|CIK|20-F,"{""dei_path"": ""data\\intermediate\\dei_facts_20251120.csv"", ""cik_path"": ""data\\intermediate\\cik_map_20251120.csv"", ""companies_path"": ""companies\\LBGJ""}"
LGCL,0001954694,Lucas GC Limited,CYM,Cayman Islands,Limited,2025.0,000164117225001706.html,DEI|CIK|20-F,"{""dei_path"": ""data\\intermediate\\dei_facts_20251120.csv"", ""cik_path"": ""data\\intermediate\\cik_map_20251120.csv"", ""companies_path"": ""companies\\LGCL""}"
LI,0001791706,Li Auto Inc.,CYM,Cayman Islands,Corporation,2025.0,000141057825000678.html,DEI|CIK|20-F,"{""dei_path"": ""data\\intermediate\\dei_facts_20251120.csv"", ""cik_path"": ""data\\intermediate\\cik_map_20251120.csv"", ""companies_path"": ""companies\\LI""}"
LICN,0001876766,Lichen International Limited,CYM,Cayman Islands,Limited,2025.0,000121390025036244.html,DEI|CIK|20-F,"{""dei_path"": ""data\\intermediate\\dei_facts_20251120.csv"", ""cik_path"": ""data\\intermediate\\cik_map_20251120.csv"", ""companies_path"": ""companies\\LICN""}"
LOBO,0001932072,LOBO EV TECHNOLOGIES LTD.,VGB,British Virgin Islands,Limited,2025.0,000164117225006462.html,DEI|CIK|20-F,"{""dei_path"": ""data\\intermediate\\dei_facts_20251120.csv"", ""cik_path"": ""data\\intermediate\\cik_map_20251120.csv"", ""companies_path"": ""companies\\LOBO""}"
LSE,0001985139,"Leishen Energy Holding Co., Ltd.",CYM,Cayman Islands,Limited,2025.0,000149315225006894.html,DEI|CIK|20-F,"{""dei_path"": ""data\\intermediate\\dei_facts_20251120.csv"", ""cik_path"": ""data\\intermediate\\cik_map_20251120.csv"", ""companies_path"": ""companies\\LSE""}"
LU,0001816007,Lufax Holding Ltd,CYM,Cayman Islands,Limited,2024.0,000119312524106025.html,DEI|CIK|20-F,"{""dei_path"": ""data\\intermediate\\dei_facts_20251120.csv"", ""cik_path"": ""data\\intermediate\\cik_map_20251120.csv"", ""companies_path"": ""companies\\LU""}"
LUD,0001984124,LUDA TECHNOLOGY GROUP LIMITED,CYM,Cayman Islands,Limited,2025.0,000121390025037162.html,DEI|CIK|20-F,"{""dei_path"": ""data\\intermediate\\dei_facts_20251120.csv"", ""cik_path"": ""data\\intermediate\\cik_map_20251120.csv"", ""companies_path"": ""companies\\LUD""}"
LX,0001708259,LexinFintech Holdings Ltd.,CYM,Cayman Islands,Limited,2025.0,000095017025055749.html,DEI|CIK|20-F,"{""dei_path"": ""data\\intermediate\\dei_facts_20251120.csv"", ""cik_path"": ""data\\intermediate\\cik_map_20251120.csv"", ""companies_path"": ""companies\\LX""}"
LXEH,0001814067,"Lixiang Education Holding Co., Ltd.",CYM,Cayman Islands,Limited,2025.0,000121390025037081.html,DEI|CIK|20-F,"{""dei_path"": ""data\\intermediate\\dei_facts_20251120.csv"", ""cik_path"": ""data\\intermediate\\cik_map_20251120.csv"", ""companies_path"": ""companies\\LXEH""}"
LZMH,0001967397,LZ Technology Holdings Limited,CYM,Cayman Islands,Limited,2025.0,000121390025055265.html,DEI|CIK|20-F,"{""dei_path"": ""data\\intermediate\\dei_facts_20251120.csv"", ""cik_path"": ""data\\intermediate\\cik_map_20251120.csv"", ""companies_path"": ""companies\\LZMH""}"
MASK,0001993097,3 E Network Technology Group Ltd,VGB,"Virgin Islands, British",,,,submissions|DEI|CIK,"{""submissions_path"": ""data\\raw\\EDGAR\\MASK\\submissions.json"", ""dei_path"": ""data\\intermediate\\dei_facts_20251120.csv"", ""cik_path"": ""data\\intermediate\\cik_map_20251120.csv""}"
MATH,0001682241,Metalpha Technology Holding Limited,CYM,Cayman Islands,Limited,2025.0,000121390025069404.html,DEI|CIK|20-F,"{""dei_path"": ""data\\intermediate\\dei_facts_20251120.csv"", ""cik_path"": ""data\\intermediate\\cik_map_20251120.csv"", ""companies_path"": ""companies\\MATH""}"
MFH,0001527762,Mercurity Fintech Holding Inc.,CYM,Cayman Islands,Corporation,2025.0,000164117225007755.html,DEI|CIK|20-F,"{""dei_path"": ""data\\intermediate\\dei_facts_20251120.csv"", ""cik_path"": ""data\\intermediate\\cik_map_20251120.csv"", ""companies_path"": ""companies\\MFH""}"
MGIH,0001903995,Millennium Group International Holdings Limited,CYM,Cayman Islands,Limited,2024.0,000121390024091945.html,DEI|CIK|20-F,"{""dei_path"": ""data\\intermediate\\dei_facts_20251120.csv"", ""cik_path"": ""data\\intermediate\\cik_map_20251120.csv"", ""companies_path"": ""companies\\MGIH""}"
MHUA,0001835615,"MEIHUA INTERNATIONAL MEDICAL TECHNOLOGIES cO., LTD.",CYM,Cayman Islands,Limited,2025.0,000121390025035216.html,DEI|CIK|20-F,"{""dei_path"": ""data\\intermediate\\dei_facts_20251120.csv"", ""cik_path"": ""data\\intermediate\\cik_map_20251120.csv"", ""companies_path"": ""companies\\MHUA""}"
MNSO,0001815846,MINISO Group Holding Limited,CYM,Cayman Islands,Limited,2025.0,000141057825000858.html,DEI|CIK|20-F,"{""dei_path"": ""data\\intermediate\\dei_facts_20251120.csv"", ""cik_path"": ""data\\intermediate\\cik_map_20251120.csv"", ""companies_path"": ""companies\\MNSO""}"
MOMO,0001610601,Hello Group Inc.,CYM,Cayman Islands,Corporation,2025.0,000119312525098265.html,DEI|CIK|20-F,"{""dei_path"": ""data\\intermediate\\dei_facts_20251120.csv"", ""cik_path"": ""data\\intermediate\\cik_map_20251120.csv"", ""companies_path"": ""companies\\MOMO""}"
MSC,0001713334,STUDIO CITY INTERNATIONAL HOLDINGS LIMITED,CYM,Cayman Islands,Limited,2025.0,000119312525059760.html,DEI|CIK|20-F,"{""dei_path"": ""data\\intermediate\\dei_facts_20251120.csv"", ""cik_path"": ""data\\intermediate\\cik_map_20251120.csv"", ""companies_path"": ""companies\\MSC""}"
MTC,0001742518,"MMTEC, INC.",VGB,British Virgin Islands,Corporation,2025.0,000121390025030342.html,DEI|CIK|20-F,"{""dei_path"": ""data\\intermediate\\dei_facts_20251120.csv"", ""cik_path"": ""data\\intermediate\\cik_map_20251120.csv"", ""companies_path"": ""companies\\MTC""}"
MTEN,0001948099,Mingteng International Corporation Inc.,CYM,Cayman Islands,Corporation,2025.0,000121390025037714.html,DEI|CIK|20-F,"{""dei_path"": ""data\\intermediate\\dei_facts_20251120.csv"", ""cik_path"": ""data\\intermediate\\cik_map_20251120.csv"", ""companies_path"": ""companies\\MTEN""}"
NAAS,0001712178,NaaS Technology Inc.,CYM,Cayman Islands,Corporation,2025.0,000141057825001444.html,DEI|CIK|20-F,"{""dei_path"": ""data\\intermediate\\dei_facts_20251120.csv"", ""cik_path"": ""data\\intermediate\\cik_map_20251120.csv"", ""companies_path"": ""companies\\NAAS""}"
NAMI,0001967631,Jinxin Technology Holding Company,CYM,Cayman Islands,,2025.0,000121390025033131.html,DEI|CIK|20-F,"{""dei_path"": ""data\\intermediate\\dei_facts_20251120.csv"", ""cik_path"": ""data\\intermediate\\cik_map_20251120.csv"", ""companies_path"": ""companies\\NAMI""}"
NCTY,0001296774,The9 LTD,CYM,Cayman Islands,Limited,2025.0,000141057825000945.html,DEI|CIK|20-F,"{""dei_path"": ""data\\intermediate\\dei_facts_20251120.csv"", ""cik_path"": ""data\\intermediate\\cik_map_20251120.csv"", ""companies_path"": ""companies\\NCTY""}"
NIO,0001736541,NIO Inc.,CYM,Cayman Islands,Corporation,2025.0,000141057825000661.html,DEI|CIK|20-F,"{""dei_path"": ""data\\intermediate\\dei_facts_20251120.csv"", ""cik_path"": ""data\\intermediate\\cik_map_20251120.csv"", ""companies_path"": ""companies\\NIO""}"
NISN,0001603993,"NISUN INTERNATIONAL ENTERPRISE DEVELOPMENT GROUP CO., LTD",VGB,British Virgin Islands,Limited,2025.0,000121390025036787.html,DEI|CIK|20-F,"{""dei_path"": ""data\\intermediate\\dei_facts_20251120.csv"", ""cik_path"": ""data\\intermediate\\cik_map_20251120.csv"", ""companies_path"": ""companies\\NISN""}"
NIU,0001744781,Niu Technologies,CYM,Cayman Islands,,2025.0,000141057825000798.html,DEI|CIK|20-F,"{""dei_path"": ""data\\intermediate\\dei_facts_20251120.csv"", ""cik_path"": ""data\\intermediate\\cik_map_20251120.csv"", ""companies_path"": ""companies\\NIU""}"
NOAH,0001499543,Noah Holdings Ltd,CYM,Cayman Islands,Limited,2025.0,000141057825000852.html,DEI|CIK|20-F,"{""dei_path"": ""data\\intermediate\\dei_facts_20251120.csv"", ""cik_path"": ""data\\intermediate\\cik_map_20251120.csv"", ""companies_path"": ""companies\\NOAH""}"
NTCL,0001927578,NETCLASS TECHNOLOGY INC,CYM,Cayman Islands,Corporation,2025.0,000141057825000153.html,DEI|CIK|20-F,"{""dei_path"": ""data\\intermediate\\dei_facts_20251120.csv"", ""cik_path"": ""data\\intermediate\\cik_map_20251120.csv"", ""companies_path"": ""companies\\NTCL""}"
NTES,0001110646,"NETEASE, INC.",CYM,Cayman Islands,Corporation,2025.0,000141057825000728.html,DEI|CIK|20-F,"{""dei_path"": ""data\\intermediate\\dei_facts_20251120.csv"", ""cik_path"": ""data\\intermediate\\cik_map_20251120.csv"", ""companies_path"": ""companies\\NTES""}"
NXTT,0001784970,Next Technology Holding Inc.,USA,WY,,,,submissions|DEI|CIK,"{""submissions_path"": ""data\\raw\\EDGAR\\NXTT\\submissions.json"", ""dei_path"": ""data\\intermediate\\dei_facts_20251120.csv"", ""cik_path"": ""data\\intermediate\\cik_map_20251120.csv""}"
OCFT,0001780531,"OneConnect Financial Technology Co., Ltd.",CYM,Cayman Islands,Limited,2025.0,000141057825000855.html,DEI|CIK|20-F,"{""dei_path"": ""data\\intermediate\\dei_facts_20251120.csv"", ""cik_path"": ""data\\intermediate\\cik_map_20251120.csv"", ""companies_path"": ""companies\\OCFT""}"
OCG,0001776067,"Oriental Culture Holding, LTD.",CYM,Cayman Islands,Limited,2025.0,000121390025043484.html,DEI|CIK|20-F,"{""dei_path"": ""data\\intermediate\\dei_facts_20251120.csv"", ""cik_path"": ""data\\intermediate\\cik_map_20251120.csv"", ""companies_path"": ""companies\\OCG""}"
ONC,0001651308,BeOne Medicines Ltd.,,,,,,submissions|DEI|CIK,"{""submissions_path"": ""data\\raw\\EDGAR\\ONC\\submissions.json"", ""dei_path"": ""data\\intermediate\\dei_facts_20251120.csv"", ""cik_path"": ""data\\intermediate\\cik_map_20251120.csv""}"
ORIS,0001964664,ORIENTAL RISE HOLDINGS LIMITED,CYM,Cayman Islands,Limited,2025.0,000121390025037481.html,DEI|CIK|20-F,"{""dei_path"": ""data\\intermediate\\dei_facts_20251120.csv"", ""cik_path"": ""data\\intermediate\\cik_map_20251120.csv"", ""companies_path"": ""companies\\ORIS""}"
OST,0001803407,"Ostin Technology Group Co., Ltd.",CYM,Cayman Islands,Limited,2025.0,000121390025007016.html,DEI|CIK|20-F,"{""dei_path"": ""data\\intermediate\\dei_facts_20251120.csv"", ""cik_path"": ""data\\intermediate\\cik_map_20251120.csv"", ""companies_path"": ""companies\\OST""}"
PAVS,0001751876,Paranovus Entertainment Technology Ltd.,CYM,Cayman Islands,Limited,2025.0,000192998025000590.html,DEI|CIK|20-F,"{""dei_path"": ""data\\intermediate\\dei_facts_20251120.csv"", ""cik_path"": ""data\\intermediate\\cik_map_20251120.csv"", ""companies_path"": ""companies\\PAVS""}"
PDD,0001737806,PDD Holdings Inc.,CYM,Cayman Islands,Corporation,2025.0,000141057825000951.html,DEI|CIK|20-F,"{""dei_path"": ""data\\intermediate\\dei_facts_20251120.csv"", ""cik_path"": ""data\\intermediate\\cik_map_20251120.csv"", ""companies_path"": ""companies\\PDD""}"
PETZ,0001684425,"TDH Holdings, Inc.",VGB,British Virgin Islands,Corporation,2025.0,000121390025035775.html,DEI|CIK|20-F,"{""dei_path"": ""data\\intermediate\\dei_facts_20251120.csv"", ""cik_path"": ""data\\intermediate\\cik_map_20251120.csv"", ""companies_path"": ""companies\\PETZ""}"
PHH,0001986247,"Park Ha Biological Technology Co., Ltd.",CYM,Cayman Islands,Limited,2025.0,000121390025016603.html,DEI|CIK|20-F,"{""dei_path"": ""data\\intermediate\\dei_facts_20251120.csv"", ""cik_path"": ""data\\intermediate\\cik_map_20251120.csv"", ""companies_path"": ""companies\\PHH""}"
PLAG,0001117057,Planet Green Holdings Corp.,USA,NV,,,,submissions|DEI|CIK,"{""submissions_path"": ""data\\raw\\EDGAR\\PLAG\\submissions.json"", ""dei_path"": ""data\\intermediate\\dei_facts_20251120.csv"", ""cik_path"": ""data\\intermediate\\cik_map_20251120.csv""}"
PONY,0001969302,Pony AI Inc.,CYM,Cayman Islands,Corporation,2025.0,000141057825000895.html,DEI|CIK|20-F,"{""dei_path"": ""data\\intermediate\\dei_facts_20251120.csv"", ""cik_path"": ""data\\intermediate\\cik_map_20251120.csv"", ""companies_path"": ""companies\\PONY""}"
PT,0001716338,Pintec Technology Holdings Limited,CYM,Cayman Islands,Limited,2025.0,000141057825000773.html,DEI|CIK|20-F,"{""dei_path"": ""data\\intermediate\\dei_facts_20251120.csv"", ""cik_path"": ""data\\intermediate\\cik_map_20251120.csv"", ""companies_path"": ""companies\\PT""}"
PTHL,0001970544,Pheton Holdings Ltd,CYM,Cayman Islands,Limited,2025.0,000121390025025558.html,DEI|CIK|20-F,"{""dei_path"": ""data\\intermediate\\dei_facts_20251120.csv"", ""cik_path"": ""data\\intermediate\\cik_map_20251120.csv"", ""companies_path"": ""companies\\PTHL""}"
QD,0001692705,Qudian Inc.,CYM,Cayman Islands,Corporation,2025.0,000141057825000822.html,DEI|CIK|20-F,"{""dei_path"": ""data\\intermediate\\dei_facts_20251120.csv"", ""cik_path"": ""data\\intermediate\\cik_map_20251120.csv"", ""companies_path"": ""companies\\QD""}"
QFIN,0001741530,"Qifu Technology, Inc.",CYM,Cayman Islands,Corporation,2025.0,000141057825000441.html,DEI|CIK|20-F,"{""dei_path"": ""data\\intermediate\\dei_facts_20251120.csv"", ""cik_path"": ""data\\intermediate\\cik_map_20251120.csv"", ""companies_path"": ""companies\\QFIN""}"
QH,0001781193,QUHUO Ltd,CYM,Cayman Islands,Limited,2025.0,000141057825001049.html,DEI|CIK|20-F,"{""dei_path"": ""data\\intermediate\\dei_facts_20251120.csv"", ""cik_path"": ""data\\intermediate\\cik_map_20251120.csv"", ""companies_path"": ""companies\\QH""}"
QSG,0001932770,QuantaSing Group Limited,CYM,Cayman Islands,Limited,2024.0,000121390024073574.html,DEI|CIK|20-F,"{""dei_path"": ""data\\intermediate\\dei_facts_20251120.csv"", ""cik_path"": ""data\\intermediate\\cik_map_20251120.csv"", ""companies_path"": ""companies\\QSG""}"
RAYA,0001825875,Erayak Power Solution Group Inc.,CYM,Cayman Islands,Corporation,2025.0,000121390025034605.html,DEI|CIK|20-F,"{""dei_path"": ""data\\intermediate\\dei_facts_20251120.csv"", ""cik_path"": ""data\\intermediate\\cik_map_20251120.csv"", ""companies_path"": ""companies\\RAYA""}"
RCON,0001442620,"RECON TECHNOLOGY, LTD",CYM,Cayman Islands,Limited,2024.0,000141057824001721.html,DEI|CIK|20-F,"{""dei_path"": ""data\\intermediate\\dei_facts_20251120.csv"", ""cik_path"": ""data\\intermediate\\cik_map_20251120.csv"", ""companies_path"": ""companies\\RCON""}"
RDGT,0001856084,"Ridgetech, Inc.",CYM,Cayman Islands,Corporation,2025.0,000121390025067924.html,DEI|CIK|20-F,"{""dei_path"": ""data\\intermediate\\dei_facts_20251120.csv"", ""cik_path"": ""data\\intermediate\\cik_map_20251120.csv"", ""companies_path"": ""companies\\RDGT""}"
RERE,0001838957,ATRenew Inc.,CYM,Cayman Islands,Corporation,2025.0,000095017025053014.html,DEI|CIK|20-F,"{""dei_path"": ""data\\intermediate\\dei_facts_20251120.csv"", ""cik_path"": ""data\\intermediate\\cik_map_20251120.csv"", ""companies_path"": ""companies\\RERE""}"
RETO,0001687277,"RETO ECO-SOLUTIONS, INC.",VGB,British Virgin Islands,Corporation,2025.0,000121390025041195.html,DEI|CIK|20-F,"{""dei_path"": ""data\\intermediate\\dei_facts_20251120.csv"", ""cik_path"": ""data\\intermediate\\cik_map_20251120.csv"", ""companies_path"": ""companies\\RETO""}"
SEED,0001321851,Origin Agritech Limited,VGB,British Virgin Islands,Limited,2025.0,000141057825000111.html,DEI|CIK|20-F,"{""dei_path"": ""data\\intermediate\\dei_facts_20251120.csv"", ""cik_path"": ""data\\intermediate\\cik_map_20251120.csv"", ""companies_path"": ""companies\\SEED""}"
SFHG,0001926792,SAMFINE CREATION HOLDINGS GROUP LIMITED,CYM,C ayman Islands,Limited,2025.0,000121390025032249.html,DEI|CIK|20-F,"{""dei_path"": ""data\\intermediate\\dei_facts_20251120.csv"", ""cik_path"": ""data\\intermediate\\cik_map_20251120.csv"", ""companies_path"": ""companies\\SFHG""}"
SFWL,0001863218,Shengfeng Development Limited,CYM,Cayman Islands,Limited,2025.0,000101376225003699.html,DEI|CIK|20-F,"{""dei_path"": ""data\\intermediate\\dei_facts_20251120.csv"", ""cik_path"": ""data\\intermediate\\cik_map_20251120.csv"", ""companies_path"": ""companies\\SFWL""}"
SISI,0001300734,"SHINECO, INC.",,,,,,submissions|DEI|CIK,"{""submissions_path"": ""data\\raw\\EDGAR\\SISI\\submissions.json"", ""dei_path"": ""data\\intermediate\\dei_facts_20251120.csv"", ""cik_path"": ""data\\intermediate\\cik_map_20251120.csv""}"
SJ,0001753673,SCIENJOY HOLDING CORPORATION,VGB,British Virgin Islands,Corporation,2025.0,000121390025033951.html,DEI|CIK|20-F,"{""dei_path"": ""data\\intermediate\\dei_facts_20251120.csv"", ""cik_path"": ""data\\intermediate\\cik_map_20251120.csv"", ""companies_path"": ""companies\\SJ""}"
SNTG,0001810467,Sentage Holdings Inc.,CYM,Cayman Islands,Corporation,2025.0,000121390025042842.html,DEI|CIK|20-F,"{""dei_path"": ""data\\intermediate\\dei_facts_20251120.csv"", ""cik_path"": ""data\\intermediate\\cik_map_20251120.csv"", ""companies_path"": ""companies\\SNTG""}"
SOGP,0001783407,Sound Group Inc.,CYM,Cayman Islands,Corporation,2025.0,000141057825000976.html,DEI|CIK|20-F,"{""dei_path"": ""data\\intermediate\\dei_facts_20251120.csv"", ""cik_path"": ""data\\intermediate\\cik_map_20251120.csv"", ""companies_path"": ""companies\\SOGP""}"
SOHU,0001734107,SOHU.COM LIMITED,CYM,Cayman Islands,Limited,2025.0,000119312525053425.html,DEI|CIK|20-F,"{""dei_path"": ""data\\intermediate\\dei_facts_20251120.csv"", ""cik_path"": ""data\\intermediate\\cik_map_20251120.csv"", ""companies_path"": ""companies\\SOHU""}"
SOL,0001417892,EMEREN GROUP LTD,VGB,"Virgin Islands, British",Limited,2023.0,000141057823001267.html,DEI|CIK|submissions|20-F,"{""dei_path"": ""data\\intermediate\\dei_facts_20251120.csv"", ""cik_path"": ""data\\intermediate\\cik_map_20251120.csv"", ""submissions_path"": ""data\\raw\\EDGAR\\SOL\\submissions.json"", ""companies_path"": ""companies\\SOL""}"
SOS,0001346610,SOS Limited,CYM,Cayman Islands,Limited,2025.0,000121390025044183.html,DEI|CIK|20-F,"{""dei_path"": ""data\\intermediate\\dei_facts_20251120.csv"", ""cik_path"": ""data\\intermediate\\cik_map_20251120.csv"", ""companies_path"": ""companies\\SOS""}"
STEC,0001785680,Santech Holdings Limited,CYM,Cayman Islands,Limited,2025.0,000141057825001209.html,DEI|CIK|20-F,"{""dei_path"": ""data\\intermediate\\dei_facts_20251120.csv"", ""cik_path"": ""data\\intermediate\\cik_map_20251120.csv"", ""companies_path"": ""companies\\STEC""}"
STFS,0002003061,Star Fashion Culture Holdings Limited,CYM,Cayman Islands,Limited,2024.0,000121390024097100.html,DEI|CIK|20-F,"{""dei_path"": ""data\\intermediate\\dei_facts_20251120.csv"", ""cik_path"": ""data\\intermediate\\cik_map_20251120.csv"", ""companies_path"": ""companies\\STFS""}"
STG,0001723935,Sunlands Technology Group,CYM,Cayman Islands,,2025.0,000095017025058319.html,DEI|CIK|20-F,"{""dei_path"": ""data\\intermediate\\dei_facts_20251120.csv"", ""cik_path"": ""data\\intermediate\\cik_map_20251120.csv"", ""companies_path"": ""companies\\STG""}"
SXTC,0001723980,"China SXT Pharmaceuticals, Inc.",VGB,British Virgin Islands,Corporation,2025.0,000121390025069688.html,DEI|CIK|20-F,"{""dei_path"": ""data\\intermediate\\dei_facts_20251120.csv"", ""cik_path"": ""data\\intermediate\\cik_map_20251120.csv"", ""companies_path"": ""companies\\SXTC""}"
SY,0001758530,So-Young International Inc.,CYM,Cayman Islands,Corporation,2025.0,000141057825000800.html,DEI|CIK|20-F,"{""dei_path"": ""data\\intermediate\\dei_facts_20251120.csv"", ""cik_path"": ""data\\intermediate\\cik_map_20251120.csv"", ""companies_path"": ""companies\\SY""}"
TAL,0001499620,TAL Education Group,CYM,Cayman Islands,,2025.0,000141057825001415.html,DEI|CIK|20-F,"{""dei_path"": ""data\\intermediate\\dei_facts_20251120.csv"", ""cik_path"": ""data\\intermediate\\cik_map_20251120.csv"", ""companies_path"": ""companies\\TAL""}"
TANH,0001588084,TANTECH HOLDINGS LTD,VGB,British Virgin Islands,Limited,2025.0,000147793225003802.html,DEI|CIK|20-F,"{""dei_path"": ""data\\intermediate\\dei_facts_20251120.csv"", ""cik_path"": ""data\\intermediate\\cik_map_20251120.csv"", ""companies_path"": ""companies\\TANH""}"
TAOP,0001552670,TAOPING INC.,VGB,"Virgin Islands, British",Corporation,2025.0,000164117225006699.html,DEI|CIK|submissions|20-F,"{""dei_path"": ""data\\intermediate\\dei_facts_20251120.csv"", ""cik_path"": ""data\\intermediate\\cik_map_20251120.csv"", ""submissions_path"": ""data\\raw\\EDGAR\\TAOP\\submissions.json"", ""companies_path"": ""companies\\TAOP""}"
TC,0001743340,Token Cat Limited,CYM,Cayman Islands,Limited,2025.0,000101376225004225.html,DEI|CIK|20-F,"{""dei_path"": ""data\\intermediate\\dei_facts_20251120.csv"", ""cik_path"": ""data\\intermediate\\cik_map_20251120.csv"", ""companies_path"": ""companies\\TC""}"
TCOM,0001269238,Trip.com Group Limited,CYM,Cayman Islands,Limited,2025.0,000119312525078429.html,DEI|CIK|20-F,"{""dei_path"": ""data\\intermediate\\dei_facts_20251120.csv"", ""cik_path"": ""data\\intermediate\\cik_map_20251120.csv"", ""companies_path"": ""companies\\TCOM""}"
THCH,0001877333,TH International Limited,CYM,Cayman Islands,Limited,2025.0,000121390025044150.html,DEI|CIK|20-F,"{""dei_path"": ""data\\intermediate\\dei_facts_20251120.csv"", ""cik_path"": ""data\\intermediate\\cik_map_20251120.csv"", ""companies_path"": ""companies\\THCH""}"
TIGR,0001756699,UP FINTECH HOLDING LIMITED,CYM,Cayman Islands,Limited,2025.0,000095017025056953.html,DEI|CIK|20-F,"{""dei_path"": ""data\\intermediate\\dei_facts_20251120.csv"", ""cik_path"": ""data\\intermediate\\cik_map_20251120.csv"", ""companies_path"": ""companies\\TIGR""}"
TIRX,0001782941,TIAN RUIXIANG Holdings Ltd,CYM,Cayman Islands,Limited,2025.0,000141057825000068.html,DEI|CIK|20-F,"{""dei_path"": ""data\\intermediate\\dei_facts_20251120.csv"", ""cik_path"": ""data\\intermediate\\cik_map_20251120.csv"", ""companies_path"": ""companies\\TIRX""}"
TME,0001744676,Tencent Music Entertainment Group,CYM,Cayman Islands,,2025.0,000095017025056949.html,DEI|CIK|20-F,"{""dei_path"": ""data\\intermediate\\dei_facts_20251120.csv"", ""cik_path"": ""data\\intermediate\\cik_map_20251120.csv"", ""companies_path"": ""companies\\TME""}"
TOUR,0001597095,Tuniu Corp,CYM,Cayman Islands,Corporation,2025.0,000141057825000777.html,DEI|CIK|20-F,"{""dei_path"": ""data\\intermediate\\dei_facts_20251120.csv"", ""cik_path"": ""data\\intermediate\\cik_map_20251120.csv"", ""companies_path"": ""companies\\TOUR""}"
TUYA,0001829118,Tuya Inc.,CYM,Cayman Islands,Corporation,2025.0,000141057825000850.html,DEI|CIK|20-F,"{""dei_path"": ""data\\intermediate\\dei_facts_20251120.csv"", ""cik_path"": ""data\\intermediate\\cik_map_20251120.csv"", ""companies_path"": ""companies\\TUYA""}"
UBXG,0001888525,U-BX Technology Ltd.,CYM,Cayman Islands,Limited,2024.0,000121390024092312.html,DEI|CIK|20-F,"{""dei_path"": ""data\\intermediate\\dei_facts_20251120.csv"", ""cik_path"": ""data\\intermediate\\cik_map_20251120.csv"", ""companies_path"": ""companies\\UBXG""}"
UCAR,0001939780,U Power Limited,CYM,Cayman Islands,Limited,2025.0,000121390025044284.html,DEI|CIK|20-F,"{""dei_path"": ""data\\intermediate\\dei_facts_20251120.csv"", ""cik_path"": ""data\\intermediate\\cik_map_20251120.csv"", ""companies_path"": ""companies\\UCAR""}"
UCL,0001775898,UCLOUDLINK GROUP INC.,CYM,Cayman Islands,Corporation,2025.0,000101376225002946.html,DEI|CIK|20-F,"{""dei_path"": ""data\\intermediate\\dei_facts_20251120.csv"", ""cik_path"": ""data\\intermediate\\cik_map_20251120.csv"", ""companies_path"": ""companies\\UCL""}"
UK,0001821424,UCOMMUNE INTERNATIONAL LTD,CYM,Cayman Islands,Limited,2025.0,000121390025036276.html,DEI|CIK|20-F,"{""dei_path"": ""data\\intermediate\\dei_facts_20251120.csv"", ""cik_path"": ""data\\intermediate\\cik_map_20251120.csv"", ""companies_path"": ""companies\\UK""}"
UOKA,0001741534,MDJM LTD,CYM,Cayman Islands,Limited,2025.0,000141057825000719.html,DEI|CIK|20-F,"{""dei_path"": ""data\\intermediate\\dei_facts_20251120.csv"", ""cik_path"": ""data\\intermediate\\cik_map_20251120.csv"", ""companies_path"": ""companies\\UOKA""}"
UPC,0001809616,Universe Pharmaceuticals INC,CYM,Cayman Islands,Corporation,2025.0,000121390025036798.html,DEI|CIK|20-F,"{""dei_path"": ""data\\intermediate\\dei_facts_20251120.csv"", ""cik_path"": ""data\\intermediate\\cik_map_20251120.csv"", ""companies_path"": ""companies\\UPC""}"
UTSI,0001030471,UTStarcom Holdings Corp.,CYM,Cayman Islands,Corporation,2025.0,000095017025058802.html,DEI|CIK|20-F,"{""dei_path"": ""data\\intermediate\\dei_facts_20251120.csv"", ""cik_path"": ""data\\intermediate\\cik_map_20251120.csv"", ""companies_path"": ""companies\\UTSI""}"
UXIN,0001729173,Uxin Limited,CYM,Cayman Islands,Limited,2025.0,000164117225006780.html,DEI|CIK|20-F,"{""dei_path"": ""data\\intermediate\\dei_facts_20251120.csv"", ""cik_path"": ""data\\intermediate\\cik_map_20251120.csv"", ""companies_path"": ""companies\\UXIN""}"
VIOT,0001742770,"Viomi Technology Co., Ltd",CYM,Cayman Islands,Limited,2025.0,000110465925094717.html,DEI|CIK|20-F,"{""dei_path"": ""data\\intermediate\\dei_facts_20251120.csv"", ""cik_path"": ""data\\intermediate\\cik_map_20251120.csv"", ""companies_path"": ""companies\\VIOT""}"
VNET,0001508475,"VNET Group, Inc.",CYM,Cayman Islands,Corporation,2025.0,000141057825000905.html,DEI|CIK|20-F,"{""dei_path"": ""data\\intermediate\\dei_facts_20251120.csv"", ""cik_path"": ""data\\intermediate\\cik_map_20251120.csv"", ""companies_path"": ""companies\\VNET""}"
WAFU,0001716770,Wah Fu Education Group Ltd.,VGB,British Virgin Islands,Limited,2025.0,000121390025069961.html,DEI|CIK|20-F,"{""dei_path"": ""data\\intermediate\\dei_facts_20251120.csv"", ""cik_path"": ""data\\intermediate\\cik_map_20251120.csv"", ""companies_path"": ""companies\\WAFU""}"
WAI,0001938865,TOP KINGWIN LTD,CYM,Cayman Islands,Limited,2025.0,000121390025033010.html,DEI|CIK|20-F,"{""dei_path"": ""data\\intermediate\\dei_facts_20251120.csv"", ""cik_path"": ""data\\intermediate\\cik_map_20251120.csv"", ""companies_path"": ""companies\\WAI""}"
WB,0001595761,WEIBO CORPORATION,CYM,Cayman Islands,Corporation,2025.0,000141057825000730.html,DEI|CIK|20-F,"{""dei_path"": ""data\\intermediate\\dei_facts_20251120.csv"", ""cik_path"": ""data\\intermediate\\cik_map_20251120.csv"", ""companies_path"": ""companies\\WB""}"
WDH,0001823986,Waterdrop Inc.,CYM,Cayman Islands,Corporation,2025.0,000141057825000891.html,DEI|CIK|20-F,"{""dei_path"": ""data\\intermediate\\dei_facts_20251120.csv"", ""cik_path"": ""data\\intermediate\\cik_map_20251120.csv"", ""companies_path"": ""companies\\WDH""}"
WETH,0001826660,Wetouch Technology Inc.,USA,NV,,,,submissions|DEI|CIK,"{""submissions_path"": ""data\\raw\\EDGAR\\WETH\\submissions.json"", ""dei_path"": ""data\\intermediate\\dei_facts_20251120.csv"", ""cik_path"": ""data\\intermediate\\cik_map_20251120.csv""}"
WETO,0001941158,Webus International Ltd.,CYM,Cayman Islands,,,,submissions|DEI|CIK,"{""submissions_path"": ""data\\raw\\EDGAR\\WETO\\submissions.json"", ""dei_path"": ""data\\intermediate\\dei_facts_20251120.csv"", ""cik_path"": ""data\\intermediate\\cik_map_20251120.csv""}"
WIMI,0001770088,WiMi Hologram Cloud Inc.,CYM,Cayman Islands,Corporation,2025.0,000121390025033934.html,DEI|CIK|20-F,"{""dei_path"": ""data\\intermediate\\dei_facts_20251120.csv"", ""cik_path"": ""data\\intermediate\\cik_map_20251120.csv"", ""companies_path"": ""companies\\WIMI""}"
WNW,0001787803,Meiwu Technology Company Limited,VGB,British Virgin Islands,Limited,2025.0,000164117225010279.html,DEI|CIK|20-F,"{""dei_path"": ""data\\intermediate\\dei_facts_20251120.csv"", ""cik_path"": ""data\\intermediate\\cik_map_20251120.csv"", ""companies_path"": ""companies\\WNW""}"
WOK,0001929783,WORK Medical Technology Group LTD,CYM,Cayman Islands,Limited,2025.0,000121390025014076.html,DEI|CIK|20-F,"{""dei_path"": ""data\\intermediate\\dei_facts_20251120.csv"", ""cik_path"": ""data\\intermediate\\cik_map_20251120.csv"", ""companies_path"": ""companies\\WOK""}"
WRD,0001867729,WeRide Inc.,CYM,Cayman Islands,Corporation,2025.0,000119312525062519.html,DEI|CIK|20-F,"{""dei_path"": ""data\\intermediate\\dei_facts_20251120.csv"", ""cik_path"": ""data\\intermediate\\cik_map_20251120.csv"", ""companies_path"": ""companies\\WRD""}"
WTO,0001789299,UTime Limited,CYM,Cayman Islands,Limited,2025.0,000121390025074295.html,DEI|CIK|20-F,"{""dei_path"": ""data\\intermediate\\dei_facts_20251120.csv"", ""cik_path"": ""data\\intermediate\\cik_map_20251120.csv"", ""companies_path"": ""companies\\WTO""}"
WYHG,0001999860,Wing Yip Food Holdings Group Limited,HKG,Hong Kong,Limited,2025.0,000121390025037724.html,DEI|CIK|20-F,"{""dei_path"": ""data\\intermediate\\dei_facts_20251120.csv"", ""cik_path"": ""data\\intermediate\\cik_map_20251120.csv"", ""companies_path"": ""companies\\WYHG""}"
XCH,0001979887,XCHG Limited,CYM,Cayman Islands,Limited,2025.0,000095017025056976.html,DEI|CIK|20-F,"{""dei_path"": ""data\\intermediate\\dei_facts_20251120.csv"", ""cik_path"": ""data\\intermediate\\cik_map_20251120.csv"", ""companies_path"": ""companies\\XCH""}"
XHG,0001769256,XChange TEC.INC,CYM,Cayman Islands,Corporation,2025.0,000121390025005499.html,DEI|CIK|20-F,"{""dei_path"": ""data\\intermediate\\dei_facts_20251120.csv"", ""cik_path"": ""data\\intermediate\\cik_map_20251120.csv"", ""companies_path"": ""companies\\XHG""}"
XIN,0001398453,"XINYUAN REAL ESTATE CO., LTD.",CYM,Cayman Islands,Limited,2025.0,000141057825000989.html,DEI|CIK|20-F,"{""dei_path"": ""data\\intermediate\\dei_facts_20251120.csv"", ""cik_path"": ""data\\intermediate\\cik_map_20251120.csv"", ""companies_path"": ""companies\\XIN""}"
XNET,0001510593,Xunlei Ltd,CYM,Cayman Islands,Limited,2025.0,000141057825000871.html,DEI|CIK|20-F,"{""dei_path"": ""data\\intermediate\\dei_facts_20251120.csv"", ""cik_path"": ""data\\intermediate\\cik_map_20251120.csv"", ""companies_path"": ""companies\\XNET""}"
XPEV,0001810997,XPeng Inc.,CYM,Cayman Islands,Corporation,2025.0,000119312525082001.html,DEI|CIK|20-F,"{""dei_path"": ""data\\intermediate\\dei_facts_20251120.csv"", ""cik_path"": ""data\\intermediate\\cik_map_20251120.csv"", ""companies_path"": ""companies\\XPEV""}"
XTKG,0001754323,"X3 HOLDINGS CO., LTD.",CYM,Cayman Islands,Limited,2025.0,000121390025035626.html,DEI|CIK|20-F,"{""dei_path"": ""data\\intermediate\\dei_facts_20251120.csv"", ""cik_path"": ""data\\intermediate\\cik_map_20251120.csv"", ""companies_path"": ""companies\\XTKG""}"
XYF,0001725033,X Financial,CYM,Cayman Islands,,2025.0,000141057825000892.html,DEI|CIK|20-F,"{""dei_path"": ""data\\intermediate\\dei_facts_20251120.csv"", ""cik_path"": ""data\\intermediate\\cik_map_20251120.csv"", ""companies_path"": ""companies\\XYF""}"
YAAS,0001964946,Youxin Technology Ltd,CYM,Cayman Islands,Limited,2025.0,000149315225004300.html,DEI|CIK|20-F,"{""dei_path"": ""data\\intermediate\\dei_facts_20251120.csv"", ""cik_path"": ""data\\intermediate\\cik_map_20251120.csv"", ""companies_path"": ""companies\\YAAS""}"
YALA,0001794350,YALLA GROUP LIMITED,CYM,Cayman Islands,Limited,2025.0,000095017025056954.html,DEI|CIK|20-F,"{""dei_path"": ""data\\intermediate\\dei_facts_20251120.csv"", ""cik_path"": ""data\\intermediate\\cik_map_20251120.csv"", ""companies_path"": ""companies\\YALA""}"
YGMZ,0001782037,MingZhu Logistics Holdings Limited,CYM,Cayman Islands,Limited,2025.0,000121390025044189.html,DEI|CIK|20-F,"{""dei_path"": ""data\\intermediate\\dei_facts_20251120.csv"", ""cik_path"": ""data\\intermediate\\cik_map_20251120.csv"", ""companies_path"": ""companies\\YGMZ""}"
YIBO,0001868395,Planet Image International Limited,CYM,Cayman Islands,Limited,2025.0,000101376225004359.html,DEI|CIK|20-F,"{""dei_path"": ""data\\intermediate\\dei_facts_20251120.csv"", ""cik_path"": ""data\\intermediate\\cik_map_20251120.csv"", ""companies_path"": ""companies\\YIBO""}"
YJ,0001759614,Yunji Inc.,CYM,Cayman Islands,Corporation,2025.0,000164117225005915.html,DEI|CIK|20-F,"{""dei_path"": ""data\\intermediate\\dei_facts_20251120.csv"", ""cik_path"": ""data\\intermediate\\cik_map_20251120.csv"", ""companies_path"": ""companies\\YJ""}"
YMM,0001838413,Full Truck Alliance Co. Ltd.,HKG,Hong Kong,Limited,2025.0,000119312525079553.html,DEI|CIK|20-F,"{""dei_path"": ""data\\intermediate\\dei_facts_20251120.csv"", ""cik_path"": ""data\\intermediate\\cik_map_20251120.csv"", ""companies_path"": ""companies\\YMM""}"
YQ,0001821468,17 Education & Technology Group Inc.,CYM,Cayman Islands,Corporation,2025.0,000095017025058824.html,DEI|CIK|20-F,"{""dei_path"": ""data\\intermediate\\dei_facts_20251120.csv"", ""cik_path"": ""data\\intermediate\\cik_map_20251120.csv"", ""companies_path"": ""companies\\YQ""}"
YRD,0001631761,Yiren Digital Ltd.,CYM,Cayman Islands,Limited,2025.0,000141057825000931.html,DEI|CIK|20-F,"{""dei_path"": ""data\\intermediate\\dei_facts_20251120.csv"", ""cik_path"": ""data\\intermediate\\cik_map_20251120.csv"", ""companies_path"": ""companies\\YRD""}"
YSG,0001819580,Yatsen Holding Limited,CYM,Cayman Islands,Limited,2025.0,000095017025056464.html,DEI|CIK|20-F,"{""dei_path"": ""data\\intermediate\\dei_facts_20251120.csv"", ""cik_path"": ""data\\intermediate\\cik_map_20251120.csv"", ""companies_path"": ""companies\\YSG""}"
YSXT,0001993463,"YSX Tech Co., Ltd",CYM,Cayman Islands,Limited,2025.0,000141057825001545.html,DEI|CIK|20-F,"{""dei_path"": ""data\\intermediate\\dei_facts_20251120.csv"", ""cik_path"": ""data\\intermediate\\cik_map_20251120.csv"", ""companies_path"": ""companies\\YSXT""}"
YUMC,0001673358,"Yum China Holdings, Inc.",USA,DE,,,,submissions|DEI|CIK,"{""submissions_path"": ""data\\raw\\EDGAR\\YUMC\\submissions.json"", ""dei_path"": ""data\\intermediate\\dei_facts_20251120.csv"", ""cik_path"": ""data\\intermediate\\cik_map_20251120.csv""}"
YXT,0001872090,YXT.COM GROUP HOLDING LIMITED,CYM,Cayman Islands,Limited,2025.0,000119312525092148.html,DEI|CIK|20-F,"{""dei_path"": ""data\\intermediate\\dei_facts_20251120.csv"", ""cik_path"": ""data\\intermediate\\cik_map_20251120.csv"", ""companies_path"": ""companies\\YXT""}"
ZBAO,0001966750,ZHIBAO TECHNOLOGY INC.,CYM,Cayman Islands,Corporation,2024.0,000121390024092990.html,DEI|CIK|20-F,"{""dei_path"": ""data\\intermediate\\dei_facts_20251120.csv"", ""cik_path"": ""data\\intermediate\\cik_map_20251120.csv"", ""companies_path"": ""companies\\ZBAO""}"
ZCMD,0001785566,ZHONGCHAO INC.,CYM,Cayman Islands,Corporation,2025.0,000121390025035599.html,DEI|CIK|20-F,"{""dei_path"": ""data\\intermediate\\dei_facts_20251120.csv"", ""cik_path"": ""data\\intermediate\\cik_map_20251120.csv"", ""companies_path"": ""companies\\ZCMD""}"
ZEPP,0001720446,ZEPP HEALTH CORP,CYM,Cayman Islands,Corporation,2025.0,000141057825000903.html,DEI|CIK|20-F,"{""dei_path"": ""data\\intermediate\\dei_facts_20251120.csv"", ""cik_path"": ""data\\intermediate\\cik_map_20251120.csv"", ""companies_path"": ""companies\\ZEPP""}"
ZH,0001835724,Zhihu Inc.,CYM,Cayman Islands,Corporation,2025.0,000141057825000729.html,DEI|CIK|20-F,"{""dei_path"": ""data\\intermediate\\dei_facts_20251120.csv"", ""cik_path"": ""data\\intermediate\\cik_map_20251120.csv"", ""companies_path"": ""companies\\ZH""}"
ZJK,0001941506,"ZJK Industrial Co., Ltd.",CYM,Cayman Islands,Limited,2025.0,000173112225000613.html,DEI|CIK|20-F,"{""dei_path"": ""data\\intermediate\\dei_facts_20251120.csv"", ""cik_path"": ""data\\intermediate\\cik_map_20251120.csv"", ""companies_path"": ""companies\\ZJK""}"
ZJYL,0001837821,Jin Medical International Ltd.,CYM,Cayman Islands,Limited,2025.0,000121390025006519.html,DEI|CIK|20-F,"{""dei_path"": ""data\\intermediate\\dei_facts_20251120.csv"", ""cik_path"": ""data\\intermediate\\cik_map_20251120.csv"", ""companies_path"": ""companies\\ZJYL""}"
ZK,0001954042,ZEEKR Intelligent Technology Holding Limited,CYM,Cayman Islands,Limited,2025.0,000141057825000390.html,DEI|CIK|20-F,"{""dei_path"": ""data\\intermediate\\dei_facts_20251120.csv"", ""cik_path"": ""data\\intermediate\\cik_map_20251120.csv"", ""companies_path"": ""companies\\ZK""}"
ZKH,0001862044,ZKH Group Limited,CYM,Cayman Islands,Limited,2025.0,000141057825000779.html,DEI|CIK|20-F,"{""dei_path"": ""data\\intermediate\\dei_facts_20251120.csv"", ""cik_path"": ""data\\intermediate\\cik_map_20251120.csv"", ""companies_path"": ""companies\\ZKH""}"
ZLAB,0001704292,ZAI LAB LIMITED,CYM,Cayman Islands,Limited,2020.0,000156459020019745.html,DEI|CIK|20-F,"{""dei_path"": ""data\\intermediate\\dei_facts_20251120.csv"", ""cik_path"": ""data\\intermediate\\cik_map_20251120.csv"", ""companies_path"": ""companies\\ZLAB""}"
ZTO,0001677250,ZTO Express (Cayman) Inc.,CYM,Cayman Islands,Corporation,2025.0,000141057825000774.html,DEI|CIK|20-F,"{""dei_path"": ""data\\intermediate\\dei_facts_20251120.csv"", ""cik_path"": ""data\\intermediate\\cik_map_20251120.csv"", ""companies_path"": ""companies\\ZTO""}"
ZYBT,0001975641,Zhengye Biotechnology Holding Limited,CYM,Cayman Islands,Limited,2025.0,000121390025061202.html,DEI|CIK|20-F,"{""dei_path"": ""data\\intermediate\\dei_facts_20251120.csv"", ""cik_path"": ""data\\intermediate\\cik_map_20251120.csv"", ""companies_path"": ""companies\\ZYBT""}"
